xm,ym
18.34470085,5.072227705
79.86537666,7.15881537
85.09787509,7.262764628
10.52110327,4.254581322
44.45558653,6.281866658
69.56726251,6.911787335
8.959848679,4.043809747
86.196964,7.259528698
66.85655694,6.898089228
16.87490807,4.874417979
52.26970696,6.517943774
93.91681982,7.343419502
24.34668842,5.431648634
5.117815482,3.384634319
25.12622222,5.464227719
34.03722832,5.90043173
61.44454908,6.803895621
42.703577,6.193263135
39.53089298,6.070397707
29.98844942,5.736792474